,file_name
0,20190504_bp-676-045-8_AS.JPG
1,20190504_bp-676-045-9_AS.JPG
2,190314_o_BW-732-114_0.JPG
3,20190507_bp-690-039-040-1_AS.JPG
4,20190503_bw-718-095_AS.JPG
5,190322-o-bp-676-038_3.JPG
6,20190504_bp-676-045-5_AS.JPG
7,20190503_bp-662-010_5_JPR.jpg
8,20190602-bw-718-094-095_AS.JPG
9,20190527_bp-690-037_AS.JPG
10,190324_o_BP-676-048_179.jpg
11,20190525_bp-690-039-040-1_AS.JPG
12,20190504_bp-676-045-1_AS.JPG
13,20190509_BP-662-008_2_AMD.jpg
14,20190504_bw-718-095-3_AS.JPG
15,20190424_BP-676-045_1.jpg
16,20190430_bw-718-095-3_AS.JPG
17,20190503_bp-662-010_3_JPR.jpg
18,20190430_bp-662-010_AS.JPG
19,20190430_bw-718-095-6_AS.JPG
20,20190504_bp-676-045-11_AS.jpg
21,190312_o_BW-732-114_2.JPG
22,20190527_bp-662-009_AS.JPG
23,20190430_BP-662-010-9_AS.JPG
24,190323_o_BP-662-005_1.jpg
25,20190505_bp-676-045-2_AS.JPG
26,20190516_bp-690-039_3_JH.JPG
27,20190428_bp-676-045_AS.JPG
28,20190503_bw-718-095-1_AS.JPG
29,20190503_bw-718-095-5_AS.JPG
30,20190406_o_bp-676-038_1.JPG
31,20190503_bw-718-095-9_AS.JPG
32,20190502_bp-704-059_MG.jpg
33,20190506_bp-690-039_AS.JPG
34,190311_o_BP-676-048_0.JPG
35,20190430_BP-662-008-2_AS.JPG
36,20190503_bw-718-095-3_AS.JPG
37,20190506_bw-718-093-1_AS.JPG
38,20190503_bp-662-010_4_JPR.jpg
39,20190517_bw-718-093_4_JH.JPG
40,20190511_BP-662-010_2_AMD.jpg
41,20190520_bp-676-051_2_JH.JPG
42,20190602-bp-662-010-1_AS.JPG
43,20190501_bw-718-095-1_AS.JPG
44,20190427_bw-718-095_AS.JPG
45,20190503_bw-718-095-2_AS.JPG
46,20180521-bp-662-008_1_JH.JPG
47,20190427_bp-676-045_AS.JPG
48,20190521-bp-662-009_1_JH.JPG
49,190326_o_BP-690-036_75.jpg
50,20190506_bp-676-045_ 1_JPR.jpg
51,20190430_BP-662-010-7_AS.JPG
52,20190504_bp-662-010-1_AS.JPG
53,20190430_bp-662-010-1_AS.JPG
54,20190427_bp-662-008_AS.JPG
55,20190429_bp-676-045_AS.JPG
56,20190509_bp-676-044_1_AMD.jpg
57,20190427_bp-662-008-1_AS.JPG
58,20190517_bp-662-008_1_JH.JPG
59,190322-o-bp-676-038_1.JPG
60,20190430_bp-676-045-6_AS.JPG
61,20190503_bw-718-095-4_AS.JPG
62,20190502_bp-676-045-8_AS.JPG
63,20190506_bp-690-039-1_AS.JPG
64,20190503_bw-718-095-7_AS.JPG
65,20190502_bp-662-010-3_AS.JPG
66,190402_o_BP-662-008_0.JPG
67,20190430_bw-718-095-2_AS.JPG
68,190311_o_BW-732-114_0.JPG
69,20190511_BP-662-010_AMD.jpg
70,20190516_bw-718-093_5_JH.JPG
71,20190521_bw-718-093_4_JH.JPG
72,20190602-bw-718-095_AS.JPG
73,20190430_bw-718-095_AS.JPG
74,20190427_bp-662-008-3_AS.JPG
75,20190518_bp-662-010_3_JH.jpg
76,190322_o_BP-662-004_0.jpg
77,190324_o_BW-718-093_165.jpg
78,20190503_bp-662-010_2_JPR.jpg
79,20190521-bw-718-094_2_JH.JPG
80,20190505_bp-662-010_ 1_JPR.jpg
81,20190406_o_bp-690-036_1.JPG
82,20190528_Bw-718-095_AS.JPG
83,190326_o_BP-690-036_74.jpg
84,190323_o_BP-662-005_0.jpg
85,20190515_bw-718-093_1_MP.jpg
86,20190426_BP_676-045_1_CD.JPG
87,20190518_bp-662-010_4_JH.jpg
88,20190430_bp-676-045_AS.JPG
89,20190511_BW-718-095_2_AMD.jpg
90,20190505_bp-676-045_3_JPR.jpg
91,20190518_bp-662-010_2_JH.jpg
92,20190510_bp-690-040_1_JH.JPG
93,20190502_bp-676-045-7_AS.JPG
94,20190504_bp-676-045-4_AS.JPG
